Index,Latitude,Longitude,2018,2019
0,24.66818,71.33144,7,7
1,24.66818,71.41106,34,31
2,24.66818,71.49069,58,59
3,24.66818,71.57031,82,76
4,24.66818,71.64994,19,19
5,24.66818,71.72956,26,29
6,24.66818,71.80919,40,36
7,24.66818,71.88882,56,55
8,24.66818,71.96844,43,40
9,24.66818,72.04807,52,54
10,24.66818,72.12769,10,12
11,24.66818,72.20732,4,4
12,24.66818,72.28694,3,3
13,24.66818,72.36657,0,0
14,24.58758,71.25181,0,0
15,24.58758,71.33144,35,39
16,24.58758,71.41106,84,76
17,24.58758,71.49069,150,143
18,24.58758,71.57031,143,127
19,24.58758,71.64994,71,72
20,24.58758,71.72956,92,99
21,24.58758,71.80919,109,104
22,24.58758,71.88882,111,112
23,24.58758,71.96844,121,123
24,24.58758,72.04807,122,121
25,24.58758,72.12769,69,64
26,24.58758,72.20732,40,44
27,24.58758,72.28694,34,33
28,24.58758,72.36657,5,5
29,24.50698,71.25181,0,0
30,24.50698,71.33144,31,30
31,24.50698,71.41106,89,91
32,24.50698,71.49069,140,137
33,24.50698,71.57031,136,126
34,24.50698,71.64994,119,122
35,24.50698,71.72956,106,112
36,24.50698,71.80919,171,153
37,24.50698,71.88882,148,151
38,24.50698,71.96844,95,95
39,24.50698,72.04807,66,69
40,24.50698,72.12769,72,66
41,24.50698,72.20732,80,82
42,24.50698,72.28694,92,95
43,24.50698,72.36657,25,29
44,24.50698,72.44619,2,2
45,24.50698,72.60544,0,0
46,24.50698,72.68507,0,0
47,24.42638,71.33144,17,18
48,24.42638,71.41106,75,90
49,24.42638,71.49069,104,107
50,24.42638,71.57031,105,108
51,24.42638,71.64994,102,105
52,24.42638,71.72956,107,108
53,24.42638,71.80919,151,138
54,24.42638,71.88882,138,141
55,24.42638,71.96844,132,123
56,24.42638,72.04807,156,142
57,24.42638,72.12769,108,109
58,24.42638,72.20732,107,102
59,24.42638,72.28694,79,70
60,24.42638,72.36657,72,66
61,24.42638,72.44619,15,14
62,24.42638,72.52582,7,7
63,24.42638,72.60544,23,22
64,24.42638,72.68507,10,10
65,24.42638,73.00357,4,4
66,24.42638,73.08319,6,6
67,24.42638,73.16282,0,0
68,24.34578,71.25181,0,0
69,24.34578,71.33144,6,6
70,24.34578,71.41106,104,96
71,24.34578,71.49069,118,112
72,24.34578,71.57031,106,109
73,24.34578,71.64994,102,116
74,24.34578,71.72956,156,145
75,24.34578,71.80919,193,175
76,24.34578,71.88882,134,129
77,24.34578,71.96844,109,99
78,24.34578,72.04807,184,163
79,24.34578,72.12769,165,165
80,24.34578,72.20732,110,101
81,24.34578,72.28694,35,33
82,24.34578,72.36657,47,41
83,24.34578,72.44619,29,29
84,24.34578,72.52582,70,71
85,24.34578,72.60544,34,30
86,24.34578,72.68507,6,6
87,24.34578,73.00357,13,11
88,24.34578,73.08319,44,40
89,24.34578,73.16282,8,8
90,24.34578,73.24244,0,0
91,24.26518,71.25181,1,1
92,24.26518,71.33144,51,44
93,24.26518,71.41106,153,131
94,24.26518,71.49069,128,115
95,24.26518,71.57031,87,81
96,24.26518,71.64994,126,135
97,24.26518,71.72956,158,145
98,24.26518,71.80919,129,117
99,24.26518,71.88882,130,116
100,24.26518,71.96844,125,114
101,24.26518,72.04807,190,173
102,24.26518,72.12769,152,140
103,24.26518,72.20732,114,106
104,24.26518,72.28694,119,125
105,24.26518,72.36657,142,142
106,24.26518,72.44619,121,115
107,24.26518,72.52582,78,71
108,24.26518,72.60544,6,6
109,24.26518,72.68507,13,12
110,24.26518,72.76469,4,5
111,24.26518,72.84432,6,6
112,24.26518,72.92394,5,6
113,24.26518,73.00357,20,23
114,24.26518,73.08319,16,17
115,24.26518,73.16282,1,1
116,24.26518,73.24244,0,0
117,24.18458,71.25181,0,0
118,24.18458,71.33144,25,23
119,24.18458,71.41106,97,92
120,24.18458,71.49069,79,81
121,24.18458,71.57031,109,102
122,24.18458,71.64994,175,158
123,24.18458,71.72956,143,133
124,24.18458,71.80919,153,144
125,24.18458,71.88882,136,122
126,24.18458,71.96844,134,127
127,24.18458,72.04807,117,119
128,24.18458,72.12769,135,123
129,24.18458,72.20732,163,160
130,24.18458,72.28694,157,148
131,24.18458,72.36657,140,134
132,24.18458,72.44619,129,117
133,24.18458,72.52582,142,118
134,24.18458,72.60544,40,35
135,24.18458,72.68507,44,44
136,24.18458,72.76469,19,23
137,24.18458,72.84432,5,5
138,24.18458,72.92394,22,23
139,24.18458,73.00357,40,40
140,24.18458,73.08319,8,8
141,24.18458,73.16282,1,1
142,24.10398,71.25181,0,0
143,24.10398,71.33144,32,30
144,24.10398,71.41106,82,85
145,24.10398,71.49069,99,108
146,24.10398,71.57031,123,121
147,24.10398,71.64994,171,150
148,24.10398,71.72956,122,109
149,24.10398,71.80919,121,130
150,24.10398,71.88882,124,125
151,24.10398,71.96844,130,121
152,24.10398,72.04807,111,102
153,24.10398,72.12769,156,138
154,24.10398,72.20732,161,146
155,24.10398,72.28694,183,156
156,24.10398,72.36657,143,134
157,24.10398,72.44619,128,129
158,24.10398,72.52582,171,146
159,24.10398,72.60544,106,107
160,24.10398,72.68507,50,53
161,24.10398,72.76469,13,13
162,24.10398,72.84432,8,9
163,24.10398,72.92394,49,58
164,24.10398,73.00357,185,175
165,24.10398,73.08319,72,63
166,24.10398,73.16282,28,25
167,24.10398,73.24244,0,0
168,24.02338,71.25181,0,0
169,24.02338,71.33144,16,15
170,24.02338,71.41106,63,58
171,24.02338,71.49069,85,78
172,24.02338,71.57031,91,89
173,24.02338,71.64994,141,127
174,24.02338,71.72956,118,122
175,24.02338,71.80919,115,119
176,24.02338,71.88882,111,114
177,24.02338,71.96844,114,107
178,24.02338,72.04807,157,140
179,24.02338,72.12769,170,154
180,24.02338,72.20732,225,213
181,24.02338,72.28694,185,175
182,24.02338,72.36657,96,98
183,24.02338,72.44619,98,108
184,24.02338,72.52582,95,92
185,24.02338,72.60544,80,80
186,24.02338,72.68507,83,89
187,24.02338,72.76469,51,50
188,24.02338,72.84432,10,10
189,24.02338,72.92394,67,61
190,24.02338,73.00357,194,181
191,24.02338,73.08319,158,147
192,24.02338,73.16282,50,49
193,24.02338,73.24244,18,18
194,24.02338,73.32207,2,2
195,24.02338,73.40169,2,2
196,23.94278,70.13706,0,0
197,23.94278,70.21669,1,1
198,23.94278,70.37594,3,3
199,23.94278,70.45556,7,8
200,23.94278,70.53519,19,22
201,23.94278,70.61481,18,19
202,23.94278,70.69444,6,7
203,23.94278,70.77406,0,0
204,23.94278,70.85369,0,0
205,23.94278,71.01294,0,0
206,23.94278,71.09256,0,0
207,23.94278,71.25181,1,1
208,23.94278,71.33144,75,65
209,23.94278,71.41106,72,67
210,23.94278,71.49069,73,63
211,23.94278,71.57031,103,89
212,23.94278,71.64994,273,236
213,23.94278,71.72956,157,134
214,23.94278,71.80919,93,99
215,23.94278,71.88882,71,69
216,23.94278,71.96844,136,130
217,23.94278,72.04807,159,135
218,23.94278,72.12769,185,179
219,23.94278,72.20732,225,212
220,23.94278,72.28694,188,180
221,23.94278,72.36657,166,170
222,23.94278,72.44619,141,147
223,23.94278,72.52582,153,152
224,23.94278,72.60544,148,149
225,23.94278,72.68507,201,230
226,23.94278,72.76469,114,112
227,23.94278,72.84432,100,89
228,23.94278,72.92394,164,150
229,23.94278,73.00357,269,246
230,23.94278,73.08319,264,232
231,23.94278,73.16282,75,72
232,23.94278,73.24244,17,17
233,23.94278,73.32207,22,23
234,23.94278,73.40169,19,21
235,23.86218,70.13706,1,1
236,23.86218,70.21669,16,17
237,23.86218,70.29631,17,21
238,23.86218,70.37594,16,19
239,23.86218,70.45556,14,17
240,23.86218,70.53519,24,26
241,23.86218,70.61481,112,119
242,23.86218,70.69444,67,66
243,23.86218,70.77406,9,10
244,23.86218,70.85369,4,5
245,23.86218,71.01294,0,0
246,23.86218,71.09256,4,4
247,23.86218,71.17219,4,4
248,23.86218,71.25181,16,12
249,23.86218,71.33144,90,83
250,23.86218,71.41106,66,62
251,23.86218,71.49069,94,95
252,23.86218,71.57031,154,144
253,23.86218,71.64994,236,216
254,23.86218,71.72956,173,146
255,23.86218,71.80919,101,95
256,23.86218,71.88882,124,129
257,23.86218,71.96844,232,217
258,23.86218,72.04807,176,183
259,23.86218,72.12769,163,170
260,23.86218,72.20732,210,219
261,23.86218,72.28694,205,213
262,23.86218,72.36657,181,181
263,23.86218,72.44619,192,184
264,23.86218,72.52582,144,143
265,23.86218,72.60544,176,167
266,23.86218,72.68507,215,221
267,23.86218,72.76469,162,155
268,23.86218,72.84432,234,196
269,23.86218,72.92394,223,203
270,23.86218,73.00357,182,167
271,23.86218,73.08319,239,206
272,23.86218,73.16282,192,163
273,23.86218,73.24244,43,43
274,23.86218,73.32207,60,67
275,23.86218,73.40169,8,8
276,23.78158,70.13706,0,0
277,23.78158,70.21669,4,4
278,23.78158,70.29631,11,16
279,23.78158,70.37594,2,2
280,23.78158,70.45556,0,0
281,23.78158,70.53519,0,0
282,23.78158,70.61481,11,11
283,23.78158,70.69444,33,34
284,23.78158,70.77406,13,13
285,23.78158,70.85369,1,1
286,23.78158,71.09256,11,12
287,23.78158,71.17219,33,32
288,23.78158,71.25181,14,13
289,23.78158,71.33144,56,41
290,23.78158,71.41106,13,12
291,23.78158,71.49069,42,51
292,23.78158,71.57031,107,105
293,23.78158,71.64994,120,116
294,23.78158,71.72956,163,157
295,23.78158,71.80919,176,166
296,23.78158,71.88882,254,232
297,23.78158,71.96844,209,199
298,23.78158,72.04807,242,236
299,23.78158,72.12769,248,247
300,23.78158,72.20732,257,279
301,23.78158,72.28694,265,287
302,23.78158,72.36657,182,189
303,23.78158,72.44619,208,187
304,23.78158,72.52582,183,183
305,23.78158,72.60544,204,207
306,23.78158,72.68507,194,227
307,23.78158,72.76469,216,233
308,23.78158,72.84432,192,178
309,23.78158,72.92394,356,318
310,23.78158,73.00357,244,220
311,23.78158,73.08319,164,155
312,23.78158,73.16282,81,76
313,23.78158,73.24244,123,133
314,23.78158,73.32207,115,123
315,23.78158,73.40169,15,15
316,23.78158,73.48132,1,1
317,23.70098,68.70381,4,5
318,23.70098,68.78344,4,5
319,23.70098,69.10194,11,12
320,23.70098,69.18156,14,14
321,23.70098,70.45556,3,3
322,23.70098,70.53519,18,22
323,23.70098,70.61481,74,105
324,23.70098,70.69444,73,83
325,23.70098,70.77406,25,27
326,23.70098,70.85369,2,2
327,23.70098,70.93331,0,0
328,23.70098,71.09256,0,0
329,23.70098,71.17219,0,0
330,23.70098,71.25181,0,0
331,23.70098,71.33144,8,6
332,23.70098,71.41106,12,11
333,23.70098,71.49069,72,62
334,23.70098,71.57031,114,109
335,23.70098,71.64994,103,101
336,23.70098,71.72956,188,166
337,23.70098,71.80919,293,263
338,23.70098,71.88882,221,223
339,23.70098,71.96844,210,219
340,23.70098,72.04807,242,238
341,23.70098,72.12769,276,250
342,23.70098,72.20732,245,235
343,23.70098,72.28694,180,196
344,23.70098,72.36657,172,183
345,23.70098,72.44619,222,200
346,23.70098,72.52582,170,180
347,23.70098,72.60544,220,226
348,23.70098,72.68507,256,252
349,23.70098,72.76469,240,226
350,23.70098,72.84432,183,175
351,23.70098,72.92394,305,281
352,23.70098,73.00357,209,182
353,23.70098,73.08319,75,67
354,23.70098,73.16282,43,46
355,23.70098,73.24244,172,176
356,23.70098,73.32207,186,188
357,23.70098,73.40169,37,39
358,23.70098,73.48132,25,28
359,23.70098,73.56094,0,0
360,23.62038,68.70381,0,0
361,23.62038,68.78344,0,0
362,23.62038,68.94269,0,0
363,23.62038,69.02231,1,1
364,23.62038,69.10194,8,8
365,23.62038,69.18156,11,11
366,23.62038,70.29631,1,1
367,23.62038,70.37594,36,40
368,23.62038,70.45556,106,119
369,23.62038,70.53519,61,70
370,23.62038,70.61481,36,42
371,23.62038,70.69444,68,86
372,23.62038,70.77406,27,29
373,23.62038,70.85369,9,11
374,23.62038,70.93331,7,8
375,23.62038,71.41106,27,24
376,23.62038,71.49069,114,110
377,23.62038,71.57031,132,134
378,23.62038,71.64994,163,133
379,23.62038,71.72956,145,128
380,23.62038,71.80919,312,295
381,23.62038,71.88882,228,221
382,23.62038,71.96844,159,143
383,23.62038,72.04807,162,159
384,23.62038,72.12769,148,134
385,23.62038,72.20732,149,149
386,23.62038,72.28694,178,185
387,23.62038,72.36657,136,137
388,23.62038,72.44619,195,178
389,23.62038,72.52582,235,243
390,23.62038,72.60544,215,212
391,23.62038,72.68507,176,177
392,23.62038,72.76469,157,163
393,23.62038,72.84432,182,165
394,23.62038,72.92394,212,186
395,23.62038,73.00357,153,136
396,23.62038,73.08319,242,208
397,23.62038,73.16282,90,79
398,23.62038,73.24244,75,75
399,23.62038,73.32207,136,141
400,23.62038,73.40169,93,93
401,23.62038,73.48132,147,150
402,23.62038,73.56094,34,37
403,23.62038,73.64057,6,8
404,23.53978,68.94269,0,0
405,23.53978,69.02231,1,1
406,23.53978,69.10194,0,0
407,23.53978,69.18156,2,2
408,23.53978,69.34081,2,2
409,23.53978,69.42044,3,3
410,23.53978,69.50006,15,14
411,23.53978,69.57969,10,10
412,23.53978,69.65931,0,0
413,23.53978,69.73894,0,0
414,23.53978,69.81856,0,0
415,23.53978,70.21669,0,0
416,23.53978,70.29631,47,48
417,23.53978,70.37594,70,82
418,23.53978,70.45556,82,90
419,23.53978,70.53519,65,69
420,23.53978,70.61481,27,27
421,23.53978,70.69444,53,52
422,23.53978,70.77406,65,67
423,23.53978,70.85369,23,25
424,23.53978,70.93331,4,4
425,23.53978,71.01294,1,1
426,23.53978,71.41106,1,1
427,23.53978,71.49069,17,17
428,23.53978,71.57031,98,94
429,23.53978,71.64994,132,115
430,23.53978,71.72956,156,141
431,23.53978,71.80919,194,154
432,23.53978,71.88882,227,197
433,23.53978,71.96844,125,111
434,23.53978,72.04807,106,106
435,23.53978,72.12769,139,151
436,23.53978,72.20732,185,180
437,23.53978,72.28694,225,211
438,23.53978,72.36657,204,208
439,23.53978,72.44619,223,233
440,23.53978,72.52582,229,223
441,23.53978,72.60544,231,234
442,23.53978,72.68507,260,241
443,23.53978,72.76469,180,170
444,23.53978,72.84432,99,89
445,23.53978,72.92394,142,137
446,23.53978,73.00357,214,215
447,23.53978,73.08319,272,239
448,23.53978,73.16282,140,130
449,23.53978,73.24244,158,161
450,23.53978,73.32207,132,136
451,23.53978,73.40169,111,121
452,23.53978,73.48132,162,163
453,23.53978,73.56094,95,105
454,23.53978,73.64057,73,78
455,23.45918,68.62419,0,0
456,23.45918,68.70381,0,0
457,23.45918,68.94269,0,0
458,23.45918,69.02231,5,3
459,23.45918,69.10194,6,5
460,23.45918,69.18156,18,23
461,23.45918,69.34081,1,1
462,23.45918,69.42044,3,3
463,23.45918,69.50006,40,39
464,23.45918,69.57969,29,31
465,23.45918,69.65931,40,50
466,23.45918,69.73894,57,68
467,23.45918,69.81856,3,3
468,23.45918,69.89819,34,31
469,23.45918,69.97781,4,4
470,23.45918,70.13706,0,0
471,23.45918,70.21669,0,0
472,23.45918,70.29631,21,17
473,23.45918,70.37594,11,11
474,23.45918,70.45556,25,26
475,23.45918,70.53519,29,30
476,23.45918,70.61481,1,1
477,23.45918,70.69444,17,17
478,23.45918,70.77406,45,46
479,23.45918,70.85369,14,16
480,23.45918,70.93331,1,1
481,23.45918,71.01294,0,0
482,23.45918,71.49069,8,9
483,23.45918,71.57031,136,118
484,23.45918,71.64994,290,292
485,23.45918,71.72956,258,241
486,23.45918,71.80919,144,125
487,23.45918,71.88882,352,324
488,23.45918,71.96844,242,243
489,23.45918,72.04807,138,139
490,23.45918,72.12769,162,160
491,23.45918,72.20732,202,188
492,23.45918,72.28694,219,206
493,23.45918,72.36657,250,236
494,23.45918,72.44619,263,238
495,23.45918,72.52582,278,267
496,23.45918,72.60544,234,218
497,23.45918,72.68507,227,203
498,23.45918,72.76469,149,137
499,23.45918,72.84432,179,163
500,23.45918,72.92394,240,211
501,23.45918,73.00357,303,270
502,23.45918,73.08319,274,245
503,23.45918,73.16282,180,194
504,23.45918,73.24244,144,157
505,23.45918,73.32207,90,96
506,23.45918,73.40169,111,121
507,23.45918,73.48132,119,122
508,23.45918,73.56094,146,152
509,23.45918,73.64057,112,119
510,23.45918,73.72019,19,19
511,23.45918,73.79982,12,12
512,23.45918,73.87944,1,1
513,23.37858,68.62419,0,0
514,23.37858,68.70381,1,1
515,23.37858,68.78344,3,4
516,23.37858,68.86306,5,7
517,23.37858,68.94269,0,0
518,23.37858,69.02231,8,5
519,23.37858,69.10194,17,21
520,23.37858,69.18156,15,20
521,23.37858,69.26119,6,8
522,23.37858,69.34081,0,0
523,23.37858,69.42044,0,0
524,23.37858,69.50006,0,0
525,23.37858,69.57969,2,2
526,23.37858,69.65931,27,34
527,23.37858,69.73894,36,46
528,23.37858,69.81856,3,3
529,23.37858,69.89819,48,45
530,23.37858,69.97781,19,18
531,23.37858,70.05744,17,17
532,23.37858,70.13706,29,30
533,23.37858,70.21669,103,113
534,23.37858,70.29631,31,33
535,23.37858,70.37594,38,41
536,23.37858,70.45556,82,82
537,23.37858,70.53519,56,59
538,23.37858,70.61481,11,12
539,23.37858,70.69444,2,2
540,23.37858,70.77406,20,30
541,23.37858,70.85369,21,25
542,23.37858,70.93331,0,0
543,23.37858,71.57031,17,15
544,23.37858,71.64994,238,225
545,23.37858,71.72956,236,236
546,23.37858,71.80919,402,418
547,23.37858,71.88882,411,413
548,23.37858,71.96844,220,228
549,23.37858,72.04807,195,190
550,23.37858,72.12769,217,204
551,23.37858,72.20732,240,223
552,23.37858,72.28694,206,193
553,23.37858,72.36657,197,200
554,23.37858,72.44619,255,259
555,23.37858,72.52582,278,262
556,23.37858,72.60544,214,197
557,23.37858,72.68507,173,158
558,23.37858,72.76469,202,176
559,23.37858,72.84432,245,218
560,23.37858,72.92394,271,244
561,23.37858,73.00357,251,222
562,23.37858,73.08319,277,259
563,23.37858,73.16282,154,168
564,23.37858,73.24244,169,186
565,23.37858,73.32207,181,210
566,23.37858,73.40169,120,128
567,23.37858,73.48132,141,147
568,23.37858,73.56094,176,192
569,23.37858,73.64057,92,93
570,23.37858,73.72019,27,26
571,23.37858,73.79982,14,14
572,23.37858,73.87944,4,4
573,23.37858,73.95907,1,1
574,23.29797,68.70381,6,6
575,23.29797,68.78344,9,10
576,23.29797,68.86306,4,4
577,23.29797,68.94269,4,5
578,23.29797,69.02231,33,36
579,23.29797,69.10194,15,16
580,23.29797,69.18156,4,8
581,23.29797,69.26119,5,7
582,23.29797,69.34081,8,9
583,23.29797,69.42044,10,9
584,23.29797,69.50006,0,0
585,23.29797,69.57969,3,3
586,23.29797,69.65931,3,3
587,23.29797,69.73894,46,45
588,23.29797,69.81856,27,32
589,23.29797,69.89819,71,82
590,23.29797,69.97781,86,93
591,23.29797,70.05744,67,73
592,23.29797,70.13706,59,60
593,23.29797,70.21669,108,119
594,23.29797,70.29631,69,75
595,23.29797,70.37594,41,47
596,23.29797,70.45556,177,185
597,23.29797,70.53519,201,211
598,23.29797,70.61481,77,86
599,23.29797,70.69444,14,10
600,23.29797,70.77406,67,64
601,23.29797,70.85369,10,12
602,23.29797,70.93331,0,0
603,23.29797,71.57031,0,0
604,23.29797,71.64994,82,79
605,23.29797,71.72956,260,261
606,23.29797,71.80919,482,494
607,23.29797,71.88882,333,322
608,23.29797,71.96844,215,216
609,23.29797,72.04807,207,207
610,23.29797,72.12769,183,183
611,23.29797,72.20732,216,211
612,23.29797,72.28694,173,171
613,23.29797,72.36657,134,131
614,23.29797,72.44619,158,157
615,23.29797,72.52582,226,205
616,23.29797,72.60544,237,219
617,23.29797,72.68507,174,152
618,23.29797,72.76469,232,203
619,23.29797,72.84432,171,157
620,23.29797,72.92394,209,184
621,23.29797,73.00357,166,152
622,23.29797,73.08319,206,208
623,23.29797,73.16282,173,190
624,23.29797,73.24244,173,191
625,23.29797,73.32207,184,192
626,23.29797,73.40169,51,54
627,23.29797,73.48132,102,102
628,23.29797,73.56094,104,103
629,23.29797,73.64057,94,92
630,23.29797,73.72019,54,51
631,23.29797,73.79982,33,33
632,23.29797,73.87944,10,10
633,23.29797,73.95907,19,18
634,23.29797,74.03869,20,20
635,23.29797,74.11832,3,3
636,23.21737,68.70381,17,18
637,23.21737,68.78344,77,74
638,23.21737,68.86306,9,9
639,23.21737,68.94269,33,33
640,23.21737,69.02231,31,34
641,23.21737,69.10194,16,20
642,23.21737,69.18156,25,22
643,23.21737,69.26119,8,9
644,23.21737,69.34081,28,29
645,23.21737,69.42044,35,30
646,23.21737,69.50006,7,7
647,23.21737,69.57969,58,62
648,23.21737,69.65931,16,16
649,23.21737,69.73894,24,25
650,23.21737,69.81856,27,28
651,23.21737,69.89819,63,66
652,23.21737,69.97781,75,78
653,23.21737,70.05744,75,81
654,23.21737,70.13706,17,17
655,23.21737,70.21669,19,21
656,23.21737,70.29631,19,19
657,23.21737,70.37594,0,0
658,23.21737,70.45556,56,54
659,23.21737,70.53519,121,127
660,23.21737,70.61481,19,21
661,23.21737,70.69444,1,1
662,23.21737,70.77406,1,1
663,23.21737,70.93331,1,1
664,23.21737,71.01294,12,12
665,23.21737,71.09256,18,19
666,23.21737,71.17219,18,18
667,23.21737,71.25181,3,3
668,23.21737,71.33144,8,9
669,23.21737,71.41106,0,0
670,23.21737,71.64994,12,13
671,23.21737,71.72956,135,134
672,23.21737,71.80919,301,303
673,23.21737,71.88882,372,363
674,23.21737,71.96844,277,275
675,23.21737,72.04807,273,271
676,23.21737,72.12769,186,182
677,23.21737,72.20732,154,154
678,23.21737,72.28694,146,158
679,23.21737,72.36657,165,171
680,23.21737,72.44619,124,118
681,23.21737,72.52582,146,137
682,23.21737,72.60544,120,110
683,23.21737,72.68507,95,85
684,23.21737,72.76469,184,165
685,23.21737,72.84432,178,160
686,23.21737,72.92394,196,181
687,23.21737,73.00357,150,149
688,23.21737,73.08319,179,190
689,23.21737,73.16282,146,160
690,23.21737,73.24244,207,214
691,23.21737,73.32207,218,222
692,23.21737,73.40169,71,72
693,23.21737,73.48132,61,60
694,23.21737,73.56094,47,46
695,23.21737,73.64057,91,88
696,23.21737,73.72019,90,87
697,23.21737,73.79982,102,100
698,23.21737,73.87944,41,43
699,23.21737,73.95907,61,60
700,23.21737,74.03869,41,42
701,23.21737,74.11832,9,9
702,23.21737,74.19794,0,0
703,23.21737,74.27757,0,0
704,23.13677,68.70381,1,1
705,23.13677,68.78344,41,42
706,23.13677,68.86306,57,55
707,23.13677,68.94269,37,37
708,23.13677,69.02231,39,40
709,23.13677,69.10194,26,29
710,23.13677,69.18156,15,13
711,23.13677,69.26119,25,31
712,23.13677,69.34081,63,76
713,23.13677,69.42044,13,13
714,23.13677,69.50006,1,1
715,23.13677,69.57969,16,18
716,23.13677,69.65931,16,14
717,23.13677,69.73894,12,12
718,23.13677,69.81856,5,5
719,23.13677,69.89819,18,19
720,23.13677,69.97781,55,54
721,23.13677,70.05744,16,18
722,23.13677,70.13706,5,4
723,23.13677,70.21669,0,0
724,23.13677,70.45556,0,0
725,23.13677,70.53519,1,1
726,23.13677,70.61481,3,3
727,23.13677,70.69444,80,85
728,23.13677,70.77406,117,124
729,23.13677,70.85369,69,72
730,23.13677,70.93331,151,157
731,23.13677,71.01294,156,165
732,23.13677,71.09256,220,238
733,23.13677,71.17219,260,281
734,23.13677,71.25181,187,202
735,23.13677,71.33144,253,260
736,23.13677,71.41106,115,113
737,23.13677,71.49069,169,164
738,23.13677,71.57031,107,109
739,23.13677,71.64994,33,36
740,23.13677,71.72956,25,25
741,23.13677,71.80919,167,168
742,23.13677,71.88882,289,281
743,23.13677,71.96844,247,235
744,23.13677,72.04807,237,236
745,23.13677,72.12769,194,187
746,23.13677,72.20732,124,125
747,23.13677,72.28694,165,168
748,23.13677,72.36657,164,160
749,23.13677,72.44619,135,129
750,23.13677,72.52582,63,58
751,23.13677,72.60544,56,50
752,23.13677,72.68507,102,94
753,23.13677,72.76469,155,138
754,23.13677,72.84432,191,177
755,23.13677,72.92394,181,161
756,23.13677,73.00357,98,101
757,23.13677,73.08319,184,137
758,23.13677,73.16282,141,134
759,23.13677,73.24244,134,157
760,23.13677,73.32207,135,145
761,23.13677,73.40169,65,65
762,23.13677,73.48132,70,67
763,23.13677,73.56094,82,79
764,23.13677,73.64057,90,85
765,23.13677,73.72019,68,66
766,23.13677,73.79982,54,54
767,23.13677,73.87944,49,48
768,23.13677,73.95907,75,69
769,23.13677,74.03869,42,43
770,23.13677,74.11832,12,12
771,23.13677,74.19794,22,21
772,23.13677,74.27757,10,10
773,23.13677,74.35719,0,0
774,23.05617,68.78344,2,2
775,23.05617,68.86306,64,65
776,23.05617,68.94269,50,48
777,23.05617,69.02231,15,16
778,23.05617,69.10194,28,23
779,23.05617,69.18156,8,8
780,23.05617,69.26119,15,17
781,23.05617,69.34081,32,35
782,23.05617,69.42044,12,12
783,23.05617,69.50006,3,3
784,23.05617,69.57969,12,14
785,23.05617,69.65931,7,10
786,23.05617,69.73894,8,10
787,23.05617,69.81856,7,7
788,23.05617,69.89819,20,26
789,23.05617,69.97781,22,20
790,23.05617,70.05744,4,4
791,23.05617,70.53519,0,0
792,23.05617,70.61481,183,189
793,23.05617,70.69444,652,694
794,23.05617,70.77406,449,480
795,23.05617,70.85369,325,348
796,23.05617,70.93331,569,600
797,23.05617,71.01294,447,461
798,23.05617,71.09256,381,405
799,23.05617,71.17219,404,433
800,23.05617,71.25181,359,383
801,23.05617,71.33144,250,250
802,23.05617,71.41106,150,155
803,23.05617,71.49069,338,337
804,23.05617,71.57031,295,283
805,23.05617,71.64994,114,120
806,23.05617,71.72956,70,65
807,23.05617,71.80919,133,131
808,23.05617,71.88882,99,90
809,23.05617,71.96844,192,193
810,23.05617,72.04807,277,284
811,23.05617,72.12769,250,246
812,23.05617,72.20732,243,239
813,23.05617,72.28694,173,179
814,23.05617,72.36657,171,173
815,23.05617,72.44619,108,102
816,23.05617,72.52582,15,15
817,23.05617,72.60544,1,1
818,23.05617,72.68507,96,93
819,23.05617,72.76469,170,168
820,23.05617,72.84432,132,133
821,23.05617,72.92394,122,110
822,23.05617,73.00357,150,145
823,23.05617,73.08319,185,149
824,23.05617,73.16282,221,202
825,23.05617,73.24244,156,151
826,23.05617,73.32207,75,77
827,23.05617,73.40169,76,75
828,23.05617,73.48132,94,93
829,23.05617,73.56094,91,90
830,23.05617,73.64057,59,59
831,23.05617,73.72019,18,18
832,23.05617,73.79982,27,26
833,23.05617,73.87944,74,77
834,23.05617,73.95907,23,23
835,23.05617,74.03869,11,11
836,23.05617,74.11832,6,6
837,23.05617,74.19794,13,13
838,23.05617,74.27757,6,6
839,23.05617,74.35719,0,0
840,22.97557,68.86306,2,2
841,22.97557,68.94269,33,31
842,22.97557,69.02231,13,13
843,22.97557,69.10194,16,18
844,22.97557,69.18156,49,51
845,22.97557,69.26119,34,32
846,22.97557,69.34081,55,50
847,22.97557,69.42044,22,22
848,22.97557,69.50006,16,17
849,22.97557,69.57969,6,6
850,22.97557,69.65931,2,2
851,22.97557,69.73894,13,14
852,22.97557,69.81856,1,1
853,22.97557,69.89819,1,1
854,22.97557,69.97781,47,54
855,22.97557,70.05744,2,2
856,22.97557,70.53519,10,10
857,22.97557,70.61481,410,428
858,22.97557,70.69444,743,786
859,22.97557,70.77406,545,575
860,22.97557,70.85369,469,499
861,22.97557,70.93331,509,547
862,22.97557,71.01294,588,629
863,22.97557,71.09256,405,433
864,22.97557,71.17219,391,415
865,22.97557,71.25181,214,225
866,22.97557,71.33144,374,386
867,22.97557,71.41106,219,221
868,22.97557,71.49069,193,190
869,22.97557,71.57031,296,280
870,22.97557,71.64994,174,164
871,22.97557,71.72956,260,251
872,22.97557,71.80919,120,113
873,22.97557,71.88882,47,45
874,22.97557,71.96844,166,172
875,22.97557,72.04807,248,236
876,22.97557,72.12769,289,280
877,22.97557,72.20732,271,262
878,22.97557,72.28694,192,186
879,22.97557,72.36657,234,232
880,22.97557,72.44619,139,131
881,22.97557,72.52582,47,44
882,22.97557,72.60544,39,42
883,22.97557,72.68507,165,160
884,22.97557,72.76469,226,213
885,22.97557,72.84432,186,176
886,22.97557,72.92394,196,165
887,22.97557,73.00357,148,138
888,22.97557,73.08319,183,146
889,22.97557,73.16282,227,200
890,22.97557,73.24244,192,193
891,22.97557,73.32207,113,116
892,22.97557,73.40169,115,112
893,22.97557,73.48132,99,99
894,22.97557,73.56094,93,88
895,22.97557,73.64057,87,86
896,22.97557,73.72019,93,86
897,22.97557,73.79982,77,70
898,22.97557,73.87944,72,61
899,22.97557,73.95907,7,7
900,22.97557,74.03869,0,0
901,22.97557,74.11832,3,3
902,22.97557,74.19794,4,4
903,22.97557,74.27757,1,1
904,22.89497,69.02231,0,0
905,22.89497,69.10194,10,11
906,22.89497,69.18156,62,58
907,22.89497,69.26119,124,113
908,22.89497,69.34081,173,175
909,22.89497,69.42044,181,175
910,22.89497,69.50006,74,70
911,22.89497,69.57969,46,50
912,22.89497,69.65931,35,35
913,22.89497,69.73894,30,38
914,22.89497,69.81856,0,0
915,22.89497,69.89819,0,0
916,22.89497,69.97781,3,3
917,22.89497,70.05744,0,0
918,22.89497,70.45556,8,10
919,22.89497,70.53519,133,148
920,22.89497,70.61481,518,563
921,22.89497,70.69444,734,775
922,22.89497,70.77406,670,706
923,22.89497,70.85369,466,497
924,22.89497,70.93331,415,443
925,22.89497,71.01294,157,168
926,22.89497,71.09256,187,199
927,22.89497,71.17219,185,197
928,22.89497,71.25181,198,193
929,22.89497,71.33144,528,511
930,22.89497,71.41106,391,402
931,22.89497,71.49069,261,275
932,22.89497,71.57031,343,350
933,22.89497,71.64994,129,129
934,22.89497,71.72956,325,326
935,22.89497,71.80919,161,165
936,22.89497,71.88882,158,157
937,22.89497,71.96844,81,88
938,22.89497,72.04807,149,152
939,22.89497,72.12769,280,275
940,22.89497,72.20732,254,243
941,22.89497,72.28694,249,242
942,22.89497,72.36657,267,259
943,22.89497,72.44619,162,154
944,22.89497,72.52582,158,152
945,22.89497,72.60544,188,180
946,22.89497,72.68507,203,179
947,22.89497,72.76469,191,171
948,22.89497,72.84432,175,156
949,22.89497,72.92394,272,220
950,22.89497,73.00357,161,154
951,22.89497,73.08319,178,182
952,22.89497,73.16282,178,180
953,22.89497,73.24244,187,174
954,22.89497,73.32207,172,155
955,22.89497,73.40169,109,99
956,22.89497,73.48132,82,80
957,22.89497,73.56094,60,53
958,22.89497,73.64057,81,76
959,22.89497,73.72019,74,68
960,22.89497,73.79982,80,78
961,22.89497,73.87944,35,33
962,22.89497,73.95907,22,22
963,22.89497,74.03869,10,10
964,22.89497,74.11832,4,4
965,22.89497,74.19794,1,1
966,22.89497,74.27757,8,8
967,22.89497,74.35719,5,5
968,22.89497,74.43682,6,6
969,22.81437,69.10194,0,0
970,22.81437,69.18156,6,6
971,22.81437,69.26119,17,17
972,22.81437,69.34081,25,26
973,22.81437,69.42044,70,72
974,22.81437,69.50006,33,31
975,22.81437,69.57969,15,15
976,22.81437,69.65931,21,22
977,22.81437,69.73894,5,7
978,22.81437,69.81856,0,0
979,22.81437,70.37594,3,3
980,22.81437,70.45556,143,174
981,22.81437,70.53519,358,484
982,22.81437,70.61481,339,400
983,22.81437,70.69444,549,586
984,22.81437,70.77406,367,391
985,22.81437,70.85369,96,101
986,22.81437,70.93331,78,82
987,22.81437,71.01294,202,216
988,22.81437,71.09256,210,226
989,22.81437,71.17219,109,115
990,22.81437,71.25181,213,208
991,22.81437,71.33144,318,316
992,22.81437,71.41106,196,192
993,22.81437,71.49069,181,170
994,22.81437,71.57031,180,174
995,22.81437,71.64994,205,200
996,22.81437,71.72956,274,272
997,22.81437,71.80919,126,122
998,22.81437,71.88882,326,335
999,22.81437,71.96844,214,222
1000,22.81437,72.04807,43,42
1001,22.81437,72.12769,249,244
1002,22.81437,72.20732,312,299
1003,22.81437,72.28694,267,265
1004,22.81437,72.36657,203,203
1005,22.81437,72.44619,209,208
1006,22.81437,72.52582,162,150
1007,22.81437,72.60544,164,143
1008,22.81437,72.68507,157,138
1009,22.81437,72.76469,188,152
1010,22.81437,72.84432,236,199
1011,22.81437,72.92394,219,204
1012,22.81437,73.00357,173,162
1013,22.81437,73.08319,234,183
1014,22.81437,73.16282,195,176
1015,22.81437,73.24244,185,181
1016,22.81437,73.32207,182,175
1017,22.81437,73.40169,72,81
1018,22.81437,73.48132,100,96
1019,22.81437,73.56094,51,48
1020,22.81437,73.64057,106,103
1021,22.81437,73.72019,79,66
1022,22.81437,73.79982,75,68
1023,22.81437,73.87944,34,32
1024,22.81437,73.95907,30,29
1025,22.81437,74.03869,20,20
1026,22.81437,74.11832,10,10
1027,22.81437,74.19794,5,5
1028,22.81437,74.27757,13,13
1029,22.81437,74.35719,14,14
1030,22.81437,74.43682,7,7
1031,22.73377,69.57969,0,0
1032,22.73377,69.65931,0,0
1033,22.73377,70.29631,22,26
1034,22.73377,70.37594,40,49
1035,22.73377,70.45556,239,302
1036,22.73377,70.53519,329,436
1037,22.73377,70.61481,279,315
1038,22.73377,70.69444,352,375
1039,22.73377,70.77406,442,467
1040,22.73377,70.85369,263,280
1041,22.73377,70.93331,72,76
1042,22.73377,71.01294,164,176
1043,22.73377,71.09256,105,112
1044,22.73377,71.17219,108,107
1045,22.73377,71.25181,137,139
1046,22.73377,71.33144,147,161
1047,22.73377,71.41106,160,160
1048,22.73377,71.49069,150,138
1049,22.73377,71.57031,240,220
1050,22.73377,71.64994,170,153
1051,22.73377,71.72956,352,339
1052,22.73377,71.80919,155,148
1053,22.73377,71.88882,284,295
1054,22.73377,71.96844,186,195
1055,22.73377,72.04807,19,20
1056,22.73377,72.12769,112,113
1057,22.73377,72.20732,155,154
1058,22.73377,72.28694,125,124
1059,22.73377,72.36657,214,235
1060,22.73377,72.44619,208,209
1061,22.73377,72.52582,144,151
1062,22.73377,72.60544,152,149
1063,22.73377,72.68507,198,159
1064,22.73377,72.76469,188,168
1065,22.73377,72.84432,162,149
1066,22.73377,72.92394,183,174
1067,22.73377,73.00357,191,187
1068,22.73377,73.08319,193,176
1069,22.73377,73.16282,154,157
1070,22.73377,73.24244,191,170
1071,22.73377,73.32207,357,332
1072,22.73377,73.40169,161,158
1073,22.73377,73.48132,133,124
1074,22.73377,73.56094,81,77
1075,22.73377,73.64057,50,50
1076,22.73377,73.72019,59,48
1077,22.73377,73.79982,95,75
1078,22.73377,73.87944,26,25
1079,22.73377,73.95907,15,15
1080,22.73377,74.03869,17,16
1081,22.73377,74.11832,15,15
1082,22.73377,74.19794,18,18
1083,22.73377,74.27757,10,10
1084,22.73377,74.35719,5,5
1085,22.73377,74.43682,1,1
1086,22.65317,70.21669,14,19
1087,22.65317,70.29631,151,206
1088,22.65317,70.37594,235,291
1089,22.65317,70.45556,226,243
1090,22.65317,70.53519,404,527
1091,22.65317,70.61481,286,330
1092,22.65317,70.69444,412,426
1093,22.65317,70.77406,449,475
1094,22.65317,70.85369,433,463
1095,22.65317,70.93331,164,175
1096,22.65317,71.01294,203,214
1097,22.65317,71.09256,167,178
1098,22.65317,71.17219,218,229
1099,22.65317,71.25181,187,181
1100,22.65317,71.33144,327,329
1101,22.65317,71.41106,183,183
1102,22.65317,71.49069,143,148
1103,22.65317,71.57031,305,302
1104,22.65317,71.64994,262,258
1105,22.65317,71.72956,76,67
1106,22.65317,71.80919,141,143
1107,22.65317,71.88882,209,221
1108,22.65317,71.96844,358,361
1109,22.65317,72.04807,54,57
1110,22.65317,72.12769,72,69
1111,22.65317,72.20732,139,137
1112,22.65317,72.28694,190,181
1113,22.65317,72.36657,248,245
1114,22.65317,72.44619,284,279
1115,22.65317,72.52582,177,176
1116,22.65317,72.60544,170,176
1117,22.65317,72.68507,233,215
1118,22.65317,72.76469,234,203
1119,22.65317,72.84432,157,156
1120,22.65317,72.92394,213,180
1121,22.65317,73.00357,289,251
1122,22.65317,73.08319,416,372
1123,22.65317,73.16282,236,222
1124,22.65317,73.24244,157,152
1125,22.65317,73.32207,231,206
1126,22.65317,73.40169,136,138
1127,22.65317,73.48132,134,136
1128,22.65317,73.56094,114,96
1129,22.65317,73.64057,76,68
1130,22.65317,73.72019,70,60
1131,22.65317,73.79982,103,87
1132,22.65317,73.87944,28,28
1133,22.65317,73.95907,22,21
1134,22.65317,74.03869,26,26
1135,22.65317,74.11832,15,15
1136,22.65317,74.19794,8,8
1137,22.65317,74.27757,7,7
1138,22.65317,74.35719,1,1
1139,22.65317,74.43682,0,0
1140,22.57257,70.13706,16,17
1141,22.57257,70.21669,155,202
1142,22.57257,70.29631,324,465
1143,22.57257,70.37594,283,406
1144,22.57257,70.45556,167,186
1145,22.57257,70.53519,252,320
1146,22.57257,70.61481,431,488
1147,22.57257,70.69444,610,658
1148,22.57257,70.77406,426,459
1149,22.57257,70.85369,339,363
1150,22.57257,70.93331,165,176
1151,22.57257,71.01294,217,227
1152,22.57257,71.09256,154,162
1153,22.57257,71.17219,145,148
1154,22.57257,71.25181,147,145
1155,22.57257,71.33144,204,208
1156,22.57257,71.41106,177,182
1157,22.57257,71.49069,158,159
1158,22.57257,71.57031,220,215
1159,22.57257,71.64994,272,262
1160,22.57257,71.72956,197,189
1161,22.57257,71.80919,261,250
1162,22.57257,71.88882,136,138
1163,22.57257,71.96844,204,197
1164,22.57257,72.04807,63,63
1165,22.57257,72.12769,100,102
1166,22.57257,72.20732,151,152
1167,22.57257,72.28694,171,175
1168,22.57257,72.36657,231,225
1169,22.57257,72.44619,243,234
1170,22.57257,72.52582,256,220
1171,22.57257,72.60544,185,158
1172,22.57257,72.68507,304,253
1173,22.57257,72.76469,323,301
1174,22.57257,72.84432,233,220
1175,22.57257,72.92394,144,125
1176,22.57257,73.00357,305,310
1177,22.57257,73.08319,299,282
1178,22.57257,73.16282,227,218
1179,22.57257,73.24244,413,397
1180,22.57257,73.32207,310,282
1181,22.57257,73.40169,141,147
1182,22.57257,73.48132,87,84
1183,22.57257,73.56094,133,114
1184,22.57257,73.64057,111,109
1185,22.57257,73.72019,109,105
1186,22.57257,73.79982,151,140
1187,22.57257,73.87944,26,26
1188,22.57257,73.95907,20,20
1189,22.57257,74.03869,22,23
1190,22.57257,74.11832,4,4
1191,22.57257,74.19794,2,2
1192,22.57257,74.27757,0,0
1193,22.49197,69.89819,0,0
1194,22.49197,69.97781,7,7
1195,22.49197,70.05744,22,24
1196,22.49197,70.13706,179,217
1197,22.49197,70.21669,281,331
1198,22.49197,70.29631,247,334
1199,22.49197,70.37594,221,304
1200,22.49197,70.45556,195,252
1201,22.49197,70.53519,232,301
1202,22.49197,70.61481,339,447
1203,22.49197,70.69444,411,458
1204,22.49197,70.77406,390,440
1205,22.49197,70.85369,270,321
1206,22.49197,70.93331,184,203
1207,22.49197,71.01294,56,58
1208,22.49197,71.09256,41,43
1209,22.49197,71.17219,91,101
1210,22.49197,71.25181,185,192
1211,22.49197,71.33144,170,157
1212,22.49197,71.41106,263,266
1213,22.49197,71.49069,199,198
1214,22.49197,71.57031,374,358
1215,22.49197,71.64994,363,371
1216,22.49197,71.72956,338,344
1217,22.49197,71.80919,295,300
1218,22.49197,71.88882,52,53
1219,22.49197,71.96844,79,72
1220,22.49197,72.04807,15,15
1221,22.49197,72.12769,29,29
1222,22.49197,72.20732,123,119
1223,22.49197,72.28694,201,189
1224,22.49197,72.36657,241,236
1225,22.49197,72.44619,269,260
1226,22.49197,72.52582,189,175
1227,22.49197,72.60544,205,198
1228,22.49197,72.68507,280,258
1229,22.49197,72.76469,303,261
1230,22.49197,72.84432,276,256
1231,22.49197,72.92394,288,264
1232,22.49197,73.00357,399,397
1233,22.49197,73.08319,180,173
1234,22.49197,73.16282,349,342
1235,22.49197,73.24244,281,269
1236,22.49197,73.32207,206,199
1237,22.49197,73.40169,165,166
1238,22.49197,73.48132,59,60
1239,22.49197,73.56094,72,75
1240,22.49197,73.64057,104,102
1241,22.49197,73.72019,213,224
1242,22.49197,73.79982,226,215
1243,22.49197,73.87944,20,18
1244,22.49197,73.95907,23,20
1245,22.49197,74.03869,21,21
1246,22.49197,74.11832,5,5
1247,22.41137,69.02231,2,2
1248,22.41137,69.10194,3,3
1249,22.41137,69.65931,0,0
1250,22.41137,69.73894,1,1
1251,22.41137,69.81856,0,0
1252,22.41137,69.89819,6,8
1253,22.41137,69.97781,64,67
1254,22.41137,70.05744,124,132
1255,22.41137,70.13706,270,356
1256,22.41137,70.21669,241,286
1257,22.41137,70.29631,292,319
1258,22.41137,70.37594,307,365
1259,22.41137,70.45556,227,309
1260,22.41137,70.53519,223,311
1261,22.41137,70.61481,207,325
1262,22.41137,70.69444,202,270
1263,22.41137,70.77406,276,382
1264,22.41137,70.85369,161,258
1265,22.41137,70.93331,131,199
1266,22.41137,71.01294,29,43
1267,22.41137,71.09256,129,126
1268,22.41137,71.17219,316,303
1269,22.41137,71.25181,144,148
1270,22.41137,71.33144,226,222
1271,22.41137,71.41106,358,347
1272,22.41137,71.49069,319,317
1273,22.41137,71.57031,352,344
1274,22.41137,71.64994,404,407
1275,22.41137,71.72956,316,308
1276,22.41137,71.80919,123,125
1277,22.41137,71.88882,47,46
1278,22.41137,71.96844,45,43
1279,22.41137,72.04807,2,2
1280,22.41137,72.12769,109,102
1281,22.41137,72.20732,119,111
1282,22.41137,72.28694,88,88
1283,22.41137,72.36657,50,47
1284,22.41137,72.44619,200,168
1285,22.41137,72.52582,235,197
1286,22.41137,72.60544,263,241
1287,22.41137,72.68507,389,362
1288,22.41137,72.76469,427,417
1289,22.41137,72.84432,360,326
1290,22.41137,72.92394,408,368
1291,22.41137,73.00357,397,376
1292,22.41137,73.08319,138,130
1293,22.41137,73.16282,167,168
1294,22.41137,73.24244,24,26
1295,22.41137,73.32207,71,79
1296,22.41137,73.40169,98,103
1297,22.41137,73.48132,56,52
1298,22.41137,73.56094,18,15
1299,22.41137,73.64057,9,9
1300,22.41137,73.72019,131,128
1301,22.41137,73.79982,473,480
1302,22.41137,73.87944,273,275
1303,22.41137,73.95907,143,134
1304,22.41137,74.03869,36,35
1305,22.41137,74.11832,38,43
1306,22.41137,74.19794,2,2
1307,22.33077,69.02231,23,29
1308,22.33077,69.10194,15,19
1309,22.33077,69.18156,0,0
1310,22.33077,69.26119,0,0
1311,22.33077,69.34081,1,1
1312,22.33077,69.42044,4,4
1313,22.33077,69.50006,5,5
1314,22.33077,69.57969,6,6
1315,22.33077,69.65931,4,4
1316,22.33077,69.73894,0,0
1317,22.33077,69.81856,4,4
1318,22.33077,69.89819,30,41
1319,22.33077,69.97781,115,143
1320,22.33077,70.05744,320,349
1321,22.33077,70.13706,387,435
1322,22.33077,70.21669,378,507
1323,22.33077,70.29631,227,282
1324,22.33077,70.37594,305,386
1325,22.33077,70.45556,256,333
1326,22.33077,70.53519,278,397
1327,22.33077,70.61481,229,348
1328,22.33077,70.69444,159,255
1329,22.33077,70.77406,82,119
1330,22.33077,70.85369,107,166
1331,22.33077,70.93331,248,383
1332,22.33077,71.01294,100,144
1333,22.33077,71.09256,49,55
1334,22.33077,71.17219,258,273
1335,22.33077,71.25181,231,240
1336,22.33077,71.33144,136,137
1337,22.33077,71.41106,172,165
1338,22.33077,71.49069,217,219
1339,22.33077,71.57031,249,246
1340,22.33077,71.64994,281,283
1341,22.33077,71.72956,428,434
1342,22.33077,71.80919,335,338
1343,22.33077,71.88882,264,255
1344,22.33077,71.96844,126,117
1345,22.33077,72.04807,20,19
1346,22.33077,72.12769,240,232
1347,22.33077,72.20732,82,84
1348,22.33077,72.28694,31,32
1349,22.33077,72.36657,9,9
1350,22.33077,72.44619,80,68
1351,22.33077,72.52582,82,68
1352,22.33077,72.60544,111,101
1353,22.33077,72.68507,298,293
1354,22.33077,72.76469,377,366
1355,22.33077,72.84432,344,315
1356,22.33077,72.92394,359,319
1357,22.33077,73.00357,409,399
1358,22.33077,73.08319,229,233
1359,22.33077,73.16282,65,65
1360,22.33077,73.24244,26,26
1361,22.33077,73.32207,99,102
1362,22.33077,73.40169,109,100
1363,22.33077,73.48132,64,63
1364,22.33077,73.56094,95,88
1365,22.33077,73.64057,46,43
1366,22.33077,73.72019,139,141
1367,22.33077,73.79982,372,395
1368,22.33077,73.87944,270,268
1369,22.33077,73.95907,199,196
1370,22.33077,74.03869,22,20
1371,22.33077,74.11832,9,9
1372,22.33077,74.19794,2,2
1373,22.25017,69.02231,7,7
1374,22.25017,69.10194,3,3
1375,22.25017,69.18156,1,1
1376,22.25017,69.26119,21,27
1377,22.25017,69.34081,38,54
1378,22.25017,69.42044,91,107
1379,22.25017,69.50006,54,62
1380,22.25017,69.57969,27,38
1381,22.25017,69.65931,13,15
1382,22.25017,69.73894,26,34
1383,22.25017,69.81856,34,38
1384,22.25017,69.89819,151,230
1385,22.25017,69.97781,174,237
1386,22.25017,70.05744,146,151
1387,22.25017,70.13706,210,247
1388,22.25017,70.21669,221,303
1389,22.25017,70.29631,247,286
1390,22.25017,70.37594,241,320
1391,22.25017,70.45556,287,358
1392,22.25017,70.53519,215,248
1393,22.25017,70.61481,137,177
1394,22.25017,70.69444,53,74
1395,22.25017,70.77406,69,121
1396,22.25017,70.85369,84,116
1397,22.25017,70.93331,185,286
1398,22.25017,71.01294,212,304
1399,22.25017,71.09256,112,159
1400,22.25017,71.17219,177,197
1401,22.25017,71.25181,155,183
1402,22.25017,71.33144,144,158
1403,22.25017,71.41106,161,179
1404,22.25017,71.49069,268,294
1405,22.25017,71.57031,288,304
1406,22.25017,71.64994,260,272
1407,22.25017,71.72956,421,429
1408,22.25017,71.80919,313,324
1409,22.25017,71.88882,301,308
1410,22.25017,71.96844,229,229
1411,22.25017,72.04807,142,145
1412,22.25017,72.12769,196,192
1413,22.25017,72.20732,66,67
1414,22.25017,72.28694,14,14
1415,22.25017,72.36657,0,0
1416,22.25017,72.44619,1,1
1417,22.25017,72.52582,1,1
1418,22.25017,72.60544,59,52
1419,22.25017,72.68507,59,57
1420,22.25017,72.76469,155,173
1421,22.25017,72.84432,171,168
1422,22.25017,72.92394,198,184
1423,22.25017,73.00357,265,266
1424,22.25017,73.08319,355,350
1425,22.25017,73.16282,198,192
1426,22.25017,73.24244,136,156
1427,22.25017,73.32207,255,249
1428,22.25017,73.40169,240,243
1429,22.25017,73.48132,206,200
1430,22.25017,73.56094,273,269
1431,22.25017,73.64057,327,317
1432,22.25017,73.72019,298,304
1433,22.25017,73.79982,356,349
1434,22.25017,73.87944,316,320
1435,22.25017,73.95907,154,164
1436,22.25017,74.03869,57,57
1437,22.25017,74.11832,21,20
1438,22.16957,69.18156,6,10
1439,22.16957,69.26119,51,60
1440,22.16957,69.34081,124,148
1441,22.16957,69.42044,170,205
1442,22.16957,69.50006,121,145
1443,22.16957,69.57969,148,158
1444,22.16957,69.65931,75,86
1445,22.16957,69.73894,40,50
1446,22.16957,69.81856,29,36
1447,22.16957,69.89819,59,92
1448,22.16957,69.97781,81,92
1449,22.16957,70.05744,71,100
1450,22.16957,70.13706,73,99
1451,22.16957,70.21669,63,73
1452,22.16957,70.29631,115,145
1453,22.16957,70.37594,238,316
1454,22.16957,70.45556,290,335
1455,22.16957,70.53519,240,269
1456,22.16957,70.61481,172,233
1457,22.16957,70.69444,151,239
1458,22.16957,70.77406,114,193
1459,22.16957,70.85369,81,135
1460,22.16957,70.93331,153,255
1461,22.16957,71.01294,297,467
1462,22.16957,71.09256,189,288
1463,22.16957,71.17219,179,230
1464,22.16957,71.25181,139,168
1465,22.16957,71.33144,84,116
1466,22.16957,71.41106,154,238
1467,22.16957,71.49069,258,309
1468,22.16957,71.57031,190,197
1469,22.16957,71.64994,261,266
1470,22.16957,71.72956,303,307
1471,22.16957,71.80919,283,296
1472,22.16957,71.88882,287,298
1473,22.16957,71.96844,318,322
1474,22.16957,72.04807,467,486
1475,22.16957,72.12769,234,241
1476,22.16957,72.20732,77,74
1477,22.16957,72.52582,12,16
1478,22.16957,72.60544,218,218
1479,22.16957,72.68507,139,141
1480,22.16957,72.76469,114,128
1481,22.16957,72.84432,231,210
1482,22.16957,72.92394,371,365
1483,22.16957,73.00357,406,363
1484,22.16957,73.08319,469,457
1485,22.16957,73.16282,247,227
1486,22.16957,73.24244,260,296
1487,22.16957,73.32207,258,271
1488,22.16957,73.40169,305,309
1489,22.16957,73.48132,264,290
1490,22.16957,73.56094,274,283
1491,22.16957,73.64057,357,355
1492,22.16957,73.72019,338,340
1493,22.16957,73.79982,291,277
1494,22.16957,73.87944,283,280
1495,22.16957,73.95907,253,267
1496,22.16957,74.03869,202,212
1497,22.16957,74.11832,91,89
1498,22.16957,74.19794,0,0
1499,22.08897,69.18156,0,0
1500,22.08897,69.26119,51,64
1501,22.08897,69.34081,170,194
1502,22.08897,69.42044,69,84
1503,22.08897,69.50006,97,120
1504,22.08897,69.57969,157,167
1505,22.08897,69.65931,109,127
1506,22.08897,69.73894,58,63
1507,22.08897,69.81856,44,50
1508,22.08897,69.89819,43,43
1509,22.08897,69.97781,24,34
1510,22.08897,70.05744,57,66
1511,22.08897,70.13706,147,167
1512,22.08897,70.21669,271,328
1513,22.08897,70.29631,126,180
1514,22.08897,70.37594,277,330
1515,22.08897,70.45556,354,424
1516,22.08897,70.53519,305,351
1517,22.08897,70.61481,207,311
1518,22.08897,70.69444,223,316
1519,22.08897,70.77406,204,311
1520,22.08897,70.85369,205,312
1521,22.08897,70.93331,184,287
1522,22.08897,71.01294,248,396
1523,22.08897,71.09256,181,290
1524,22.08897,71.17219,136,196
1525,22.08897,71.25181,127,187
1526,22.08897,71.33144,75,128
1527,22.08897,71.41106,48,67
1528,22.08897,71.49069,114,128
1529,22.08897,71.57031,201,216
1530,22.08897,71.64994,371,385
1531,22.08897,71.72956,360,367
1532,22.08897,71.80919,291,301
1533,22.08897,71.88882,180,191
1534,22.08897,71.96844,138,155
1535,22.08897,72.04807,200,210
1536,22.08897,72.12769,112,113
1537,22.08897,72.20732,27,28
1538,22.08897,72.52582,8,9
1539,22.08897,72.60544,115,107
1540,22.08897,72.68507,127,117
1541,22.08897,72.76469,314,308
1542,22.08897,72.84432,295,273
1543,22.08897,72.92394,337,380
1544,22.08897,73.00357,288,280
1545,22.08897,73.08319,288,285
1546,22.08897,73.16282,285,296
1547,22.08897,73.24244,336,344
1548,22.08897,73.32207,371,357
1549,22.08897,73.40169,387,355
1550,22.08897,73.48132,209,211
1551,22.08897,73.56094,215,215
1552,22.08897,73.64057,191,174
1553,22.08897,73.72019,234,234
1554,22.08897,73.79982,247,230
1555,22.08897,73.87944,189,193
1556,22.08897,73.95907,116,114
1557,22.08897,74.03869,82,82
1558,22.08897,74.11832,23,19
1559,22.08897,74.19794,9,7
1560,22.00837,69.18156,0,0
1561,22.00837,69.26119,44,49
1562,22.00837,69.34081,124,139
1563,22.00837,69.42044,102,115
1564,22.00837,69.50006,146,162
1565,22.00837,69.57969,91,98
1566,22.00837,69.65931,80,97
1567,22.00837,69.73894,81,107
1568,22.00837,69.81856,55,68
1569,22.00837,69.89819,148,161
1570,22.00837,69.97781,204,277
1571,22.00837,70.05744,217,240
1572,22.00837,70.13706,169,190
1573,22.00837,70.21669,64,80
1574,22.00837,70.29631,62,86
1575,22.00837,70.37594,202,297
1576,22.00837,70.45556,291,453
1577,22.00837,70.53519,167,235
1578,22.00837,70.61481,187,275
1579,22.00837,70.69444,185,286
1580,22.00837,70.77406,193,258
1581,22.00837,70.85369,337,518
1582,22.00837,70.93331,235,358
1583,22.00837,71.01294,265,388
1584,22.00837,71.09256,313,480
1585,22.00837,71.17219,175,265
1586,22.00837,71.25181,167,285
1587,22.00837,71.33144,76,149
1588,22.00837,71.41106,123,168
1589,22.00837,71.49069,161,175
1590,22.00837,71.57031,363,376
1591,22.00837,71.64994,321,337
1592,22.00837,71.72956,202,219
1593,22.00837,71.80919,307,342
1594,22.00837,71.88882,347,394
1595,22.00837,71.96844,172,206
1596,22.00837,72.04807,16,16
1597,22.00837,72.12769,25,28
1598,22.00837,72.20732,4,4
1599,22.00837,72.60544,22,27
1600,22.00837,72.68507,132,174
1601,22.00837,72.76469,121,127
1602,22.00837,72.84432,184,179
1603,22.00837,72.92394,288,304
1604,22.00837,73.00357,326,332
1605,22.00837,73.08319,309,317
1606,22.00837,73.16282,340,326
1607,22.00837,73.24244,460,417
1608,22.00837,73.32207,428,401
1609,22.00837,73.40169,335,306
1610,22.00837,73.48132,145,137
1611,22.00837,73.56094,121,108
1612,22.00837,73.64057,236,210
1613,22.00837,73.72019,168,172
1614,22.00837,73.79982,208,201
1615,22.00837,73.87944,75,74
1616,22.00837,73.95907,0,0
1617,22.00837,74.03869,0,0
1618,22.00837,74.11832,2,2
1619,22.00837,74.19794,0,0
1620,21.92777,69.26119,5,5
1621,21.92777,69.34081,73,78
1622,21.92777,69.42044,107,116
1623,21.92777,69.50006,183,205
1624,21.92777,69.57969,130,133
1625,21.92777,69.65931,93,96
1626,21.92777,69.73894,95,112
1627,21.92777,69.81856,151,169
1628,21.92777,69.89819,236,281
1629,21.92777,69.97781,432,504
1630,21.92777,70.05744,319,346
1631,21.92777,70.13706,251,311
1632,21.92777,70.21669,115,174
1633,21.92777,70.29631,101,155
1634,21.92777,70.37594,230,359
1635,21.92777,70.45556,271,481
1636,21.92777,70.53519,171,298
1637,21.92777,70.61481,201,323
1638,21.92777,70.69444,309,451
1639,21.92777,70.77406,181,273
1640,21.92777,70.85369,292,482
1641,21.92777,70.93331,268,391
1642,21.92777,71.01294,222,319
1643,21.92777,71.09256,238,369
1644,21.92777,71.17219,350,612
1645,21.92777,71.25181,217,349
1646,21.92777,71.33144,175,286
1647,21.92777,71.41106,124,189
1648,21.92777,71.49069,213,225
1649,21.92777,71.57031,288,300
1650,21.92777,71.64994,295,313
1651,21.92777,71.72956,347,415
1652,21.92777,71.80919,482,568
1653,21.92777,71.88882,371,429
1654,21.92777,71.96844,211,243
1655,21.92777,72.04807,26,30
1656,21.92777,72.12769,50,56
1657,21.92777,72.20732,10,10
1658,21.92777,72.60544,3,3
1659,21.92777,72.68507,73,85
1660,21.92777,72.76469,241,233
1661,21.92777,72.84432,333,318
1662,21.92777,72.92394,374,363
1663,21.92777,73.00357,295,277
1664,21.92777,73.08319,260,263
1665,21.92777,73.16282,399,374
1666,21.92777,73.24244,315,300
1667,21.92777,73.32207,298,273
1668,21.92777,73.40169,262,219
1669,21.92777,73.48132,232,215
1670,21.92777,73.56094,243,209
1671,21.92777,73.64057,173,156
1672,21.92777,73.72019,136,124
1673,21.92777,73.79982,77,70
1674,21.92777,73.87944,7,7
1675,21.84717,69.26119,1,1
1676,21.84717,69.34081,19,22
1677,21.84717,69.42044,51,51
1678,21.84717,69.50006,134,131
1679,21.84717,69.57969,172,163
1680,21.84717,69.65931,83,92
1681,21.84717,69.73894,14,17
1682,21.84717,69.81856,91,112
1683,21.84717,69.89819,195,260
1684,21.84717,69.97781,98,118
1685,21.84717,70.05744,117,121
1686,21.84717,70.13706,174,253
1687,21.84717,70.21669,271,433
1688,21.84717,70.29631,177,297
1689,21.84717,70.37594,173,251
1690,21.84717,70.45556,216,359
1691,21.84717,70.53519,159,255
1692,21.84717,70.61481,212,330
1693,21.84717,70.69444,266,429
1694,21.84717,70.77406,193,324
1695,21.84717,70.85369,217,353
1696,21.84717,70.93331,330,440
1697,21.84717,71.01294,290,426
1698,21.84717,71.09256,210,336
1699,21.84717,71.17219,420,721
1700,21.84717,71.25181,303,537
1701,21.84717,71.33144,219,371
1702,21.84717,71.41106,144,213
1703,21.84717,71.49069,255,275
1704,21.84717,71.57031,222,225
1705,21.84717,71.64994,225,250
1706,21.84717,71.72956,289,336
1707,21.84717,71.80919,437,515
1708,21.84717,71.88882,272,312
1709,21.84717,71.96844,118,139
1710,21.84717,72.04807,45,52
1711,21.84717,72.12769,97,108
1712,21.84717,72.20732,18,20
1713,21.84717,72.60544,55,47
1714,21.84717,72.68507,280,254
1715,21.84717,72.76469,318,297
1716,21.84717,72.84432,345,314
1717,21.84717,72.92394,322,325
1718,21.84717,73.00357,327,297
1719,21.84717,73.08319,356,339
1720,21.84717,73.16282,250,236
1721,21.84717,73.24244,246,235
1722,21.84717,73.32207,239,231
1723,21.84717,73.40169,154,138
1724,21.84717,73.48132,106,86
1725,21.84717,73.56094,222,195
1726,21.84717,73.64057,55,44
1727,21.84717,73.72019,21,15
1728,21.84717,73.79982,3,3
1729,21.84717,73.87944,0,0
1730,21.76657,69.34081,0,0
1731,21.76657,69.42044,20,21
1732,21.76657,69.50006,77,79
1733,21.76657,69.57969,139,137
1734,21.76657,69.65931,86,85
1735,21.76657,69.73894,4,4
1736,21.76657,69.81856,70,89
1737,21.76657,69.89819,151,199
1738,21.76657,69.97781,34,32
1739,21.76657,70.05744,35,54
1740,21.76657,70.13706,200,318
1741,21.76657,70.21669,262,388
1742,21.76657,70.29631,282,454
1743,21.76657,70.37594,236,350
1744,21.76657,70.45556,166,247
1745,21.76657,70.53519,189,300
1746,21.76657,70.61481,189,295
1747,21.76657,70.69444,198,297
1748,21.76657,70.77406,240,389
1749,21.76657,70.85369,270,429
1750,21.76657,70.93331,308,490
1751,21.76657,71.01294,326,511
1752,21.76657,71.09256,372,584
1753,21.76657,71.17219,409,692
1754,21.76657,71.25181,340,584
1755,21.76657,71.33144,339,588
1756,21.76657,71.41106,227,379
1757,21.76657,71.49069,204,330
1758,21.76657,71.57031,274,322
1759,21.76657,71.64994,252,290
1760,21.76657,71.72956,312,366
1761,21.76657,71.80919,454,523
1762,21.76657,71.88882,301,354
1763,21.76657,71.96844,127,155
1764,21.76657,72.04807,129,155
1765,21.76657,72.12769,47,56
1766,21.76657,72.20732,29,34
1767,21.76657,72.28694,0,0
1768,21.76657,72.60544,133,120
1769,21.76657,72.68507,258,229
1770,21.76657,72.76469,253,225
1771,21.76657,72.84432,321,304
1772,21.76657,72.92394,290,304
1773,21.76657,73.00357,264,273
1774,21.76657,73.08319,252,228
1775,21.76657,73.16282,196,189
1776,21.76657,73.24244,225,210
1777,21.76657,73.32207,100,96
1778,21.76657,73.40169,12,12
1779,21.76657,73.48132,41,34
1780,21.76657,73.56094,3,3
1781,21.76657,73.64057,0,0
1782,21.76657,73.72019,1,1
1783,21.76657,73.79982,6,6
1784,21.76657,73.87944,0,0
1785,21.68597,69.42044,0,0
1786,21.68597,69.50006,25,23
1787,21.68597,69.57969,119,112
1788,21.68597,69.65931,83,82
1789,21.68597,69.73894,61,57
1790,21.68597,69.81856,84,79
1791,21.68597,69.89819,62,60
1792,21.68597,69.97781,49,49
1793,21.68597,70.05744,62,71
1794,21.68597,70.13706,121,194
1795,21.68597,70.21669,231,363
1796,21.68597,70.29631,268,433
1797,21.68597,70.37594,275,436
1798,21.68597,70.45556,235,353
1799,21.68597,70.53519,214,350
1800,21.68597,70.61481,259,394
1801,21.68597,70.69444,259,365
1802,21.68597,70.77406,184,285
1803,21.68597,70.85369,313,549
1804,21.68597,70.93331,419,703
1805,21.68597,71.01294,450,777
1806,21.68597,71.09256,416,670
1807,21.68597,71.17219,381,641
1808,21.68597,71.25181,355,624
1809,21.68597,71.33144,353,601
1810,21.68597,71.41106,369,612
1811,21.68597,71.49069,339,588
1812,21.68597,71.57031,238,392
1813,21.68597,71.64994,257,301
1814,21.68597,71.72956,154,177
1815,21.68597,71.80919,174,201
1816,21.68597,71.88882,74,86
1817,21.68597,71.96844,44,51
1818,21.68597,72.04807,114,134
1819,21.68597,72.12769,230,271
1820,21.68597,72.20732,233,279
1821,21.68597,72.28694,96,115
1822,21.68597,72.36657,0,0
1823,21.68597,72.60544,8,8
1824,21.68597,72.68507,76,69
1825,21.68597,72.76469,145,141
1826,21.68597,72.84432,194,185
1827,21.68597,72.92394,209,213
1828,21.68597,73.00357,107,107
1829,21.68597,73.08319,186,187
1830,21.68597,73.16282,230,223
1831,21.68597,73.24244,156,183
1832,21.68597,73.32207,75,76
1833,21.68597,73.40169,42,34
1834,21.68597,73.48132,59,46
1835,21.68597,73.56094,56,42
1836,21.68597,73.64057,81,61
1837,21.68597,73.72019,33,27
1838,21.68597,73.79982,27,25
1839,21.68597,73.87944,3,3
1840,21.60537,69.57969,3,3
1841,21.60537,69.65931,7,7
1842,21.60537,69.73894,10,10
1843,21.60537,69.81856,53,52
1844,21.60537,69.89819,72,67
1845,21.60537,69.97781,166,156
1846,21.60537,70.05744,135,128
1847,21.60537,70.13706,192,257
1848,21.60537,70.21669,200,237
1849,21.60537,70.29631,214,316
1850,21.60537,70.37594,215,227
1851,21.60537,70.45556,155,122
1852,21.60537,70.53519,53,72
1853,21.60537,70.61481,119,122
1854,21.60537,70.69444,153,173
1855,21.60537,70.77406,140,179
1856,21.60537,70.85369,266,354
1857,21.60537,70.93331,363,586
1858,21.60537,71.01294,402,698
1859,21.60537,71.09256,404,648
1860,21.60537,71.17219,359,613
1861,21.60537,71.25181,324,574
1862,21.60537,71.33144,366,638
1863,21.60537,71.41106,359,561
1864,21.60537,71.49069,408,653
1865,21.60537,71.57031,350,493
1866,21.60537,71.64994,449,524
1867,21.60537,71.72956,425,487
1868,21.60537,71.80919,294,347
1869,21.60537,71.88882,133,151
1870,21.60537,71.96844,133,153
1871,21.60537,72.04807,113,127
1872,21.60537,72.12769,180,204
1873,21.60537,72.20732,278,328
1874,21.60537,72.28694,157,184
1875,21.60537,72.36657,0,0
1876,21.60537,72.68507,0,0
1877,21.60537,72.76469,36,33
1878,21.60537,72.84432,162,168
1879,21.60537,72.92394,325,338
1880,21.60537,73.00357,151,171
1881,21.60537,73.08319,126,124
1882,21.60537,73.16282,244,224
1883,21.60537,73.24244,268,292
1884,21.60537,73.32207,220,219
1885,21.60537,73.40169,173,146
1886,21.60537,73.48132,151,126
1887,21.60537,73.56094,217,195
1888,21.60537,73.64057,142,117
1889,21.60537,73.72019,77,68
1890,21.60537,73.79982,19,16
1891,21.60537,73.87944,2,2
1892,21.60537,73.95907,0,0
1893,21.60537,74.03869,10,10
1894,21.60537,74.11832,14,14
1895,21.60537,74.19794,7,7
1896,21.60537,74.27757,3,3
1897,21.60537,74.35719,0,0
1898,21.52477,69.65931,2,2
1899,21.52477,69.73894,24,24
1900,21.52477,69.81856,47,46
1901,21.52477,69.89819,144,138
1902,21.52477,69.97781,166,150
1903,21.52477,70.05744,145,117
1904,21.52477,70.13706,185,222
1905,21.52477,70.21669,193,170
1906,21.52477,70.29631,197,203
1907,21.52477,70.37594,188,192
1908,21.52477,70.45556,87,78
1909,21.52477,70.53519,1,1
1910,21.52477,70.61481,81,77
1911,21.52477,70.69444,211,158
1912,21.52477,70.77406,131,131
1913,21.52477,70.85369,238,310
1914,21.52477,70.93331,372,623
1915,21.52477,71.01294,303,549
1916,21.52477,71.09256,283,474
1917,21.52477,71.17219,368,611
1918,21.52477,71.25181,324,554
1919,21.52477,71.33144,311,505
1920,21.52477,71.41106,300,488
1921,21.52477,71.49069,347,483
1922,21.52477,71.57031,348,411
1923,21.52477,71.64994,347,397
1924,21.52477,71.72956,302,351
1925,21.52477,71.80919,173,196
1926,21.52477,71.88882,159,192
1927,21.52477,71.96844,106,129
1928,21.52477,72.04807,108,127
1929,21.52477,72.12769,117,139
1930,21.52477,72.20732,127,155
1931,21.52477,72.28694,37,41
1932,21.52477,72.60544,0,0
1933,21.52477,72.68507,62,62
1934,21.52477,72.76469,234,242
1935,21.52477,72.84432,316,341
1936,21.52477,72.92394,385,380
1937,21.52477,73.00357,170,158
1938,21.52477,73.08319,180,157
1939,21.52477,73.16282,169,150
1940,21.52477,73.24244,232,217
1941,21.52477,73.32207,246,241
1942,21.52477,73.40169,92,81
1943,21.52477,73.48132,185,169
1944,21.52477,73.56094,158,171
1945,21.52477,73.64057,265,235
1946,21.52477,73.72019,257,229
1947,21.52477,73.79982,210,190
1948,21.52477,73.87944,66,54
1949,21.52477,73.95907,38,34
1950,21.52477,74.03869,67,67
1951,21.52477,74.11832,93,90
1952,21.52477,74.19794,66,68
1953,21.52477,74.27757,56,58
1954,21.52477,74.35719,7,7
1955,21.44416,69.65931,0,0
1956,21.44416,69.73894,5,5
1957,21.44416,69.81856,54,48
1958,21.44416,69.89819,123,111
1959,21.44416,69.97781,80,71
1960,21.44416,70.05744,133,107
1961,21.44416,70.13706,139,148
1962,21.44416,70.21669,128,131
1963,21.44416,70.29631,133,108
1964,21.44416,70.37594,189,205
1965,21.44416,70.45556,159,184
1966,21.44416,70.53519,103,115
1967,21.44416,70.61481,154,196
1968,21.44416,70.69444,179,148
1969,21.44416,70.77406,156,163
1970,21.44416,70.85369,193,260
1971,21.44416,70.93331,247,373
1972,21.44416,71.01294,333,562
1973,21.44416,71.09256,452,780
1974,21.44416,71.17219,470,784
1975,21.44416,71.25181,404,683
1976,21.44416,71.33144,380,632
1977,21.44416,71.41106,240,409
1978,21.44416,71.49069,282,435
1979,21.44416,71.57031,254,346
1980,21.44416,71.64994,178,204
1981,21.44416,71.72956,139,154
1982,21.44416,71.80919,39,43
1983,21.44416,71.88882,78,99
1984,21.44416,71.96844,238,297
1985,21.44416,72.04807,210,242
1986,21.44416,72.12769,85,98
1987,21.44416,72.20732,54,63
1988,21.44416,72.28694,2,2
1989,21.44416,72.60544,1,1
1990,21.44416,72.68507,91,87
1991,21.44416,72.76469,159,163
1992,21.44416,72.84432,209,205
1993,21.44416,72.92394,207,204
1994,21.44416,73.00357,239,233
1995,21.44416,73.08319,146,137
1996,21.44416,73.16282,158,142
1997,21.44416,73.24244,163,149
1998,21.44416,73.32207,127,118
1999,21.44416,73.40169,56,42
2000,21.44416,73.48132,55,52
2001,21.44416,73.56094,136,133
2002,21.44416,73.64057,151,131
2003,21.44416,73.72019,152,150
2004,21.44416,73.79982,151,156
2005,21.44416,73.87944,43,45
2006,21.44416,73.95907,36,45
2007,21.44416,74.03869,22,22
2008,21.44416,74.11832,17,17
2009,21.44416,74.19794,26,25
2010,21.44416,74.27757,17,17
2011,21.44416,74.35719,1,1
2012,21.36356,69.81856,30,26
2013,21.36356,69.89819,112,100
2014,21.36356,69.97781,97,86
2015,21.36356,70.05744,199,245
2016,21.36356,70.13706,274,219
2017,21.36356,70.21669,216,202
2018,21.36356,70.29631,235,211
2019,21.36356,70.37594,179,187
2020,21.36356,70.45556,198,200
2021,21.36356,70.53519,129,121
2022,21.36356,70.61481,122,136
2023,21.36356,70.69444,161,169
2024,21.36356,70.77406,178,168
2025,21.36356,70.85369,86,97
2026,21.36356,70.93331,235,380
2027,21.36356,71.01294,230,415
2028,21.36356,71.09256,267,467
2029,21.36356,71.17219,374,631
2030,21.36356,71.25181,383,692
2031,21.36356,71.33144,353,592
2032,21.36356,71.41106,267,435
2033,21.36356,71.49069,276,476
2034,21.36356,71.57031,293,452
2035,21.36356,71.64994,215,260
2036,21.36356,71.72956,173,200
2037,21.36356,71.80919,136,158
2038,21.36356,71.88882,301,342
2039,21.36356,71.96844,385,481
2040,21.36356,72.04807,393,462
2041,21.36356,72.12769,147,178
2042,21.36356,72.20732,1,1
2043,21.36356,72.60544,2,2
2044,21.36356,72.68507,137,126
2045,21.36356,72.76469,306,288
2046,21.36356,72.84432,325,309
2047,21.36356,72.92394,280,268
2048,21.36356,73.00357,225,213
2049,21.36356,73.08319,201,178
2050,21.36356,73.16282,239,218
2051,21.36356,73.24244,162,154
2052,21.36356,73.32207,156,149
2053,21.36356,73.40169,19,19
2054,21.36356,73.48132,1,1
2055,21.36356,73.56094,6,6
2056,21.36356,73.64057,3,3
2057,21.36356,73.72019,6,6
2058,21.36356,73.79982,10,10
2059,21.36356,73.87944,13,18
2060,21.36356,73.95907,13,15
2061,21.36356,74.03869,1,1
2062,21.28296,69.81856,0,0
2063,21.28296,69.89819,19,18
2064,21.28296,69.97781,59,63
2065,21.28296,70.05744,158,171
2066,21.28296,70.13706,170,181
2067,21.28296,70.21669,158,175
2068,21.28296,70.29631,217,212
2069,21.28296,70.37594,172,170
2070,21.28296,70.45556,82,109
2071,21.28296,70.53519,34,34
2072,21.28296,70.61481,58,44
2073,21.28296,70.69444,104,121
2074,21.28296,70.77406,87,80
2075,21.28296,70.85369,14,15
2076,21.28296,70.93331,71,115
2077,21.28296,71.01294,131,222
2078,21.28296,71.09256,171,308
2079,21.28296,71.17219,225,397
2080,21.28296,71.25181,220,405
2081,21.28296,71.33144,198,349
2082,21.28296,71.41106,153,270
2083,21.28296,71.49069,118,208
2084,21.28296,71.57031,83,120
2085,21.28296,71.64994,56,68
2086,21.28296,71.72956,113,143
2087,21.28296,71.80919,285,342
2088,21.28296,71.88882,322,367
2089,21.28296,71.96844,407,476
2090,21.28296,72.04807,308,356
2091,21.28296,72.12769,32,35
2092,21.28296,72.60544,9,9
2093,21.28296,72.68507,212,197
2094,21.28296,72.76469,308,285
2095,21.28296,72.84432,225,202
2096,21.28296,72.92394,233,220
2097,21.28296,73.00357,285,263
2098,21.28296,73.08319,210,195
2099,21.28296,73.16282,192,182
2100,21.28296,73.24244,220,202
2101,21.28296,73.32207,209,195
2102,21.28296,73.40169,85,93
2103,21.28296,73.48132,42,43
2104,21.28296,73.56094,15,15
2105,21.28296,73.64057,0,0
2106,21.28296,73.72019,0,0
2107,21.28296,73.79982,13,13
2108,21.28296,73.87944,5,5
2109,21.28296,73.95907,2,2
2110,21.20236,69.89819,0,0
2111,21.20236,69.97781,17,18
2112,21.20236,70.05744,175,192
2113,21.20236,70.13706,183,185
2114,21.20236,70.21669,153,143
2115,21.20236,70.29631,123,117
2116,21.20236,70.37594,84,87
2117,21.20236,70.45556,47,61
2118,21.20236,70.53519,6,6
2119,21.20236,70.61481,1,1
2120,21.20236,70.69444,6,6
2121,21.20236,70.77406,8,8
2122,21.20236,70.85369,0,0
2123,21.20236,70.93331,13,18
2124,21.20236,71.01294,45,71
2125,21.20236,71.09256,69,133
2126,21.20236,71.17219,35,49
2127,21.20236,71.25181,70,109
2128,21.20236,71.33144,189,322
2129,21.20236,71.41106,175,293
2130,21.20236,71.49069,173,292
2131,21.20236,71.57031,163,225
2132,21.20236,71.64994,219,264
2133,21.20236,71.72956,246,287
2134,21.20236,71.80919,274,329
2135,21.20236,71.88882,323,376
2136,21.20236,71.96844,354,413
2137,21.20236,72.04807,244,282
2138,21.20236,72.12769,14,15
2139,21.20236,72.60544,12,12
2140,21.20236,72.68507,86,80
2141,21.20236,72.76469,99,97
2142,21.20236,72.84432,41,37
2143,21.20236,72.92394,296,267
2144,21.20236,73.00357,305,272
2145,21.20236,73.08319,277,260
2146,21.20236,73.16282,195,182
2147,21.20236,73.24244,238,216
2148,21.20236,73.32207,212,208
2149,21.20236,73.40169,146,156
2150,21.20236,73.48132,98,104
2151,21.20236,73.56094,68,60
2152,21.20236,73.64057,20,20
2153,21.20236,73.72019,31,28
2154,21.20236,73.79982,27,27
2155,21.20236,73.87944,0,0
2156,21.12176,69.97781,0,0
2157,21.12176,70.05744,34,45
2158,21.12176,70.13706,122,117
2159,21.12176,70.21669,153,191
2160,21.12176,70.29631,103,100
2161,21.12176,70.37594,76,74
2162,21.12176,70.45556,41,56
2163,21.12176,70.53519,52,52
2164,21.12176,70.61481,34,36
2165,21.12176,70.69444,12,12
2166,21.12176,71.01294,8,11
2167,21.12176,71.09256,22,37
2168,21.12176,71.17219,23,31
2169,21.12176,71.25181,120,216
2170,21.12176,71.33144,186,327
2171,21.12176,71.41106,250,432
2172,21.12176,71.49069,214,351
2173,21.12176,71.57031,297,449
2174,21.12176,71.64994,399,507
2175,21.12176,71.72956,320,372
2176,21.12176,71.80919,219,256
2177,21.12176,71.88882,216,245
2178,21.12176,71.96844,108,123
2179,21.12176,72.04807,5,5
2180,21.12176,72.12769,0,0
2181,21.12176,72.60544,2,2
2182,21.12176,72.68507,6,6
2183,21.12176,72.76469,34,35
2184,21.12176,72.84432,82,77
2185,21.12176,72.92394,309,280
2186,21.12176,73.00357,229,228
2187,21.12176,73.08319,190,179
2188,21.12176,73.16282,175,157
2189,21.12176,73.24244,175,170
2190,21.12176,73.32207,212,205
2191,21.12176,73.40169,134,145
2192,21.12176,73.48132,148,168
2193,21.12176,73.56094,104,106
2194,21.12176,73.64057,52,50
2195,21.12176,73.72019,13,13
2196,21.12176,73.79982,4,4
2197,21.12176,73.87944,0,0
2198,21.04116,70.13706,14,15
2199,21.04116,70.21669,154,158
2200,21.04116,70.29631,171,174
2201,21.04116,70.37594,125,124
2202,21.04116,70.45556,96,111
2203,21.04116,70.53519,166,196
2204,21.04116,70.61481,138,162
2205,21.04116,70.69444,57,62
2206,21.04116,70.77406,1,1
2207,21.04116,70.85369,0,0
2208,21.04116,70.93331,0,0
2209,21.04116,71.01294,0,0
2210,21.04116,71.09256,9,9
2211,21.04116,71.17219,42,67
2212,21.04116,71.25181,148,210
2213,21.04116,71.33144,303,494
2214,21.04116,71.41106,338,557
2215,21.04116,71.49069,255,410
2216,21.04116,71.57031,275,438
2217,21.04116,71.64994,272,340
2218,21.04116,71.72956,168,186
2219,21.04116,71.80919,13,14
2220,21.04116,71.88882,2,2
2221,21.04116,72.68507,2,2
2222,21.04116,72.76469,13,13
2223,21.04116,72.84432,68,65
2224,21.04116,72.92394,120,118
2225,21.04116,73.00357,166,155
2226,21.04116,73.08319,185,169
2227,21.04116,73.16282,174,168
2228,21.04116,73.24244,140,142
2229,21.04116,73.32207,164,162
2230,21.04116,73.40169,137,144
2231,21.04116,73.48132,97,116
2232,21.04116,73.56094,46,50
2233,21.04116,73.64057,36,36
2234,21.04116,73.72019,0,0
2235,21.04116,73.79982,1,1
2236,20.96056,70.13706,0,0
2237,20.96056,70.21669,14,14
2238,20.96056,70.29631,110,116
2239,20.96056,70.37594,159,165
2240,20.96056,70.45556,168,182
2241,20.96056,70.53519,147,173
2242,20.96056,70.61481,158,206
2243,20.96056,70.69444,162,177
2244,20.96056,70.77406,57,59
2245,20.96056,70.85369,41,40
2246,20.96056,70.93331,34,35
2247,20.96056,71.01294,62,75
2248,20.96056,71.09256,121,135
2249,20.96056,71.17219,118,159
2250,20.96056,71.25181,254,412
2251,20.96056,71.33144,269,462
2252,20.96056,71.41106,204,336
2253,20.96056,71.49069,78,127
2254,20.96056,71.57031,10,12
2255,20.96056,71.64994,8,9
2256,20.96056,71.72956,2,2
2257,20.96056,71.80919,0,0
2258,20.96056,72.68507,1,1
2259,20.96056,72.76469,7,8
2260,20.96056,72.84432,48,47
2261,20.96056,72.92394,81,77
2262,20.96056,73.00357,145,133
2263,20.96056,73.08319,188,181
2264,20.96056,73.16282,281,264
2265,20.96056,73.24244,242,219
2266,20.96056,73.32207,156,165
2267,20.96056,73.40169,86,98
2268,20.96056,73.48132,9,9
2269,20.96056,73.56094,1,1
2270,20.96056,73.64057,1,1
2271,20.96056,73.72019,0,0
2272,20.96056,73.79982,0,0
2273,20.96056,73.87944,0,0
2274,20.87996,70.29631,4,4
2275,20.87996,70.37594,24,24
2276,20.87996,70.45556,124,132
2277,20.87996,70.53519,137,157
2278,20.87996,70.61481,156,185
2279,20.87996,70.69444,147,180
2280,20.87996,70.77406,126,147
2281,20.87996,70.85369,122,123
2282,20.87996,70.93331,102,117
2283,20.87996,71.01294,145,160
2284,20.87996,71.09256,173,187
2285,20.87996,71.17219,189,241
2286,20.87996,71.25181,282,495
2287,20.87996,71.33144,127,226
2288,20.87996,71.41106,39,55
2289,20.87996,71.49069,7,7
2290,20.87996,72.76469,0,0
2291,20.87996,72.84432,36,35
2292,20.87996,72.92394,49,48
2293,20.87996,73.00357,65,61
2294,20.87996,73.08319,115,108
2295,20.87996,73.16282,146,130
2296,20.87996,73.24244,152,139
2297,20.87996,73.32207,134,130
2298,20.87996,73.40169,44,43
2299,20.87996,73.48132,1,1
2300,20.87996,73.56094,0,0
2301,20.87996,73.79982,0,0
2302,20.87996,73.87944,2,2
2303,20.79936,70.37594,0,0
2304,20.79936,70.45556,10,10
2305,20.79936,70.53519,34,40
2306,20.79936,70.61481,90,108
2307,20.79936,70.69444,140,165
2308,20.79936,70.77406,138,166
2309,20.79936,70.85369,86,88
2310,20.79936,70.93331,130,146
2311,20.79936,71.01294,61,61
2312,20.79936,71.09256,66,67
2313,20.79936,71.17219,37,39
2314,20.79936,71.25181,55,90
2315,20.79936,71.33144,20,28
2316,20.79936,71.41106,0,0
2317,20.79936,72.84432,1,1
2318,20.79936,72.92394,8,8
2319,20.79936,73.00357,69,67
2320,20.79936,73.08319,96,91
2321,20.79936,73.16282,121,114
2322,20.79936,73.24244,120,112
2323,20.79936,73.32207,94,88
2324,20.79936,73.40169,41,40
2325,20.79936,73.48132,1,1
2326,20.79936,73.56094,0,0
2327,20.79936,73.72019,2,2
2328,20.79936,73.79982,1,1
2329,20.79936,73.87944,0,0
2330,20.71876,70.53519,0,0
2331,20.71876,70.61481,1,1
2332,20.71876,70.69444,27,33
2333,20.71876,70.77406,29,37
2334,20.71876,70.85369,10,11
2335,20.71876,70.93331,24,26
2336,20.71876,71.01294,7,7
2337,20.71876,71.09256,1,1
2338,20.71876,71.17219,0,0
2339,20.71876,72.84432,0,0
2340,20.71876,72.92394,83,62
2341,20.71876,73.00357,119,103
2342,20.71876,73.08319,128,118
2343,20.71876,73.16282,151,139
2344,20.71876,73.24244,121,112
2345,20.71876,73.32207,37,35
2346,20.71876,73.40169,38,36
2347,20.71876,73.48132,1,1
2348,20.71876,73.56094,0,0
2349,20.71876,73.64057,0,0
2350,20.71876,73.72019,0,0
2351,20.71876,73.79982,0,0
2352,20.63816,72.84432,1,1
2353,20.63816,72.92394,86,68
2354,20.63816,73.00357,157,133
2355,20.63816,73.08319,123,110
2356,20.63816,73.16282,152,138
2357,20.63816,73.24244,70,65
2358,20.63816,73.32207,5,5
2359,20.63816,73.40169,3,3
2360,20.63816,73.48132,0,0
2361,20.63816,73.56094,0,0
2362,20.63816,73.64057,0,0
2363,20.55756,72.84432,6,6
2364,20.55756,72.92394,67,57
2365,20.55756,73.00357,120,107
2366,20.55756,73.08319,162,137
2367,20.55756,73.16282,137,118
2368,20.55756,73.24244,52,51
2369,20.55756,73.32207,2,2
2370,20.55756,73.40169,1,1
2371,20.55756,73.48132,1,1
2372,20.47696,72.84432,7,7
2373,20.47696,72.92394,86,74
2374,20.47696,73.00357,158,136
2375,20.47696,73.08319,164,138
2376,20.47696,73.16282,111,96
2377,20.47696,73.24244,19,19
2378,20.47696,73.32207,0,0
2379,20.47696,73.40169,2,2
2380,20.47696,73.48132,2,2
2381,20.39636,72.76469,3,3
2382,20.39636,72.84432,6,6
2383,20.39636,72.92394,53,45
2384,20.39636,73.00357,152,122
2385,20.39636,73.08319,127,104
2386,20.39636,73.16282,62,56
2387,20.39636,73.24244,0,0
2388,20.39636,73.32207,0,0
2389,20.31576,72.68507,0,0
2390,20.31576,72.76469,48,39
2391,20.31576,72.84432,43,40
2392,20.31576,72.92394,13,13
2393,20.31576,73.00357,62,53
2394,20.31576,73.08319,29,25
2395,20.31576,73.16282,4,4
2396,20.31576,73.24244,23,22
2397,20.31576,73.32207,39,34
2398,20.31576,73.40169,4,4
2399,20.31576,73.48132,0,0
2400,20.23516,72.68507,0,0
2401,20.23516,72.76469,50,40
2402,20.23516,72.84432,47,43
2403,20.23516,72.92394,21,20
2404,20.23516,73.00357,2,2
2405,20.23516,73.08319,6,6
2406,20.23516,73.16282,1,1
2407,20.23516,73.24244,8,8
2408,20.23516,73.32207,9,9
2409,20.23516,73.40169,4,4
2410,20.23516,73.48132,0,0
2411,20.15456,72.68507,0,0
2412,20.15456,72.76469,12,12
2413,20.15456,72.84432,4,4
2414,20.15456,72.92394,0,0
2415,20.15456,73.00357,0,0
2416,20.15456,73.08319,1,1
2417,20.15456,73.16282,0,0
